Domain,Status,Attractiveness,Demand,Length,Sectors,Created,Expires,Registrar
brief.ong,available,124,19%,5,"Business,Education,General,Law",,,
complete.ong,available,120,21%,8,"Manufacturing,Retail,Technology",,,
second.ong,available,120,23%,6,"General,Mathematics",,,
wizard.ong,available,118,42%,6,"Entertainment,Media,Technology",,,
flat.ong,available,116,24%,4,"Construction,Real Estate",,,
tenth.ong,available,116,7%,5,Mathematics,,,
equal.ong,available,116,19%,5,"Education,General,Law",,,
tonic.ong,available,114,22%,5,"Health and Fitness,Medicine,Science",,,
hotshot.ong,available,112,14%,7,"Business,Entertainment,Sports",,,
acute.ong,available,112,9%,5,"Mathematics,Medicine,Science",,,
above.ong,available,112,22%,5,Business,,,
abstract.ong,available,108,29%,8,"Arts,Humanities,Science",,,
abiding.ong,available,106,5%,7,"General,Religion",,,
active.ong,available,104,27%,6,"Health and Fitness,Sports,Travel",,,
teen.ong,available,104,14%,4,"Education,Entertainment,Healthcare",,,
expert.ong,available,104,26%,6,"Business,Education,Technology",,,
eight.ong,available,102,23%,5,"General,Mathematics",,,
extra.ong,available,102,26%,5,"Fashion,Retail,Technology",,,
captive.ong,available,102,14%,7,"Entertainment,Hospitality,Technology",,,
absent.ong,available,102,8%,6,"Business,Education,Technology",,,
crack.ong,available,100,20%,5,Sports,,,
third.ong,available,100,16%,5,Mathematics,,,
remove.ong,available,100,13%,6,"Construction,Manufacturing,Technology",,,
eighth.ong,available,100,6%,6,Mathematics,,,
abrupt.ong,available,100,3%,6,"Medicine,Science",,,
ninth.ong,available,100,9%,5,Mathematics,,,
adjunct.ong,available,100,5%,7,Education,,,
sixth.ong,available,100,8%,5,Mathematics,,,
whiz.ong,available,100,12%,4,"Business,Education,Technology",,,
genius.ong,available,98,46%,6,"Arts,Education,Technology",,,
whizz.ong,available,98,11%,5,"Business,Education,Technology",,,
doable.ong,available,96,9%,6,"Business,Education,Technology",,,
actual.ong,available,96,22%,6,"Real Estate,Retail,Technology",,,
academic.ong,available,96,20%,8,"Education,Humanities,Science",,,
forgiving.ong,available,96,3%,9,"Healthcare,Religion",,,
alamode.ong,available,96,12%,9,Fashion,,,
around.ong,available,94,22%,6,"Business,General,Media,Technology",,,
abject.ong,available,94,7%,6,Humanities,,,
adequate.ong,available,94,9%,8,"Education,Healthcare,Technology",,,
about.ong,available,94,28%,5,"Business,General,Media,Technology",,,
virtuoso.ong,available,94,16%,8,"Arts,Entertainment",,,
derelict.ong,available,92,7%,8,"Construction,Real Estate",,,
neutral.ong,available,92,20%,7,"Business,Media,Politics",,,
twentieth.ong,available,92,3%,9,Mathematics,,,
nought.ong,available,92,4%,6,Mathematics,,,
exemplary.ong,available,92,5%,9,"Business,Education,Healthcare",,,
adept.ong,available,92,24%,5,"Education,Health and Fitness,Sports",,,
next.ong,available,92,43%,4,"Retail,Technology,Transportation",,,
adjective.ong,available,92,5%,9,Education,,,
abroad.ong,available,92,12%,6,"Hospitality,Travel",,,
addictive.ong,available,90,9%,9,Healthcare,,,
adoring.ong,available,90,2%,7,"Entertainment,Fashion,Retail",,,
gripping.ong,available,90,3%,8,"Entertainment,Media,Technology",,,
additional.ong,available,90,8%,10,"Fashion,Retail,Technology",,,
clear.ong,available,90,47%,5,"Manufacturing,Retail,Technology",,,
abortive.ong,available,90,1%,8,"Medicine,Science",,,
riveting.ong,available,90,6%,8,"Entertainment,Media,Technology",,,
leash.ong,available,90,7%,5,"General,Health and Fitness,Retail",,,
endearing.ong,available,90,1%,9,"Entertainment,Fashion,Retail",,,
twelve.ong,available,88,18%,6,"General,Mathematics",,,
fifteen.ong,available,88,13%,7,Mathematics,,,
ace.ong,available,88,34%,3,Sports,,,
ten.ong,available,88,28%,3,"General,Mathematics",,,
hundred.ong,available,88,14%,7,Mathematics,,,
three.ong,available,88,24%,5,Mathematics,,,
actionable.ong,available,88,13%,10,"Business,Law",,,
proficient.ong,available,88,8%,10,"Education,Health and Fitness,Sports",,,
sixteen.ong,available,88,11%,7,Mathematics,,,
adlib.ong,available,88,7%,6,Entertainment,,,
activist.ong,expiring,88,12%,8,"Humanities,Politics",19/08/2016 20:17,19/08/2025 20:17,PIR Internal (9999)
wide.ong,available,88,18%,4,"Business,Media,Technology",,,
xiv.ong,available,86,12%,3,Mathematics,,,
adolescent.ong,available,86,3%,10,"Education,Entertainment,Healthcare",,,
extempore.ong,available,86,3%,9,Entertainment,,,
engrossing.ong,available,86,0%,10,"Entertainment,Media,Technology",,,
aboriginal.ong,available,86,10%,10,Humanities,,,
cipher.ong,available,86,29%,6,Mathematics,,,
intent.ong,available,86,25%,6,"Business,Education,Technology",,,
xix.ong,available,86,11%,3,Mathematics,,,
recondite.ong,available,86,4%,9,"Arts,Humanities,Science",,,
attendant.ong,available,86,5%,9,"Healthcare,Hospitality,Transportation",,,
thirteen.ong,available,84,10%,8,Mathematics,,,
adjustable.ong,available,84,3%,10,"Manufacturing,Retail,Technology",,,
acting.ong,available,84,12%,6,Entertainment,,,
thousand.ong,available,84,8%,8,Mathematics,,,
grand.ong,available,84,25%,5,"Finance,General",,,
sharp.ong,available,84,34%,5,"Arts,Fashion",,,
fourteen.ong,available,84,8%,8,Mathematics,,,
deviate.ong,available,84,12%,7,"Medicine,Science",,,
accessory.ong,available,84,8%,9,"Fashion,Retail,Technology",,,
nineteen.ong,available,84,8%,8,Mathematics,,,
twentytwo.ong,available,84,11%,10,Mathematics,,,
twentyone.ong,available,84,13%,10,Mathematics,,,
seventeen.ong,available,84,7%,9,Mathematics,,,
decade.ong,available,82,10%,6,Mathematics,,,
dozen.ong,available,82,10%,5,Mathematics,,,
abkhaz.ong,available,82,1%,6,Geography,,,
absorbent.ong,available,82,3%,9,"Healthcare,Manufacturing,Retail",,,
good.ong,available,82,47%,4,"Food and Beverage,General,Health and Fitness,Retail",,,
altered.ong,available,82,9%,7,"Medicine,Science",,,
fivesome.ong,available,82,1%,8,Sports,,,
abenaki.ong,available,82,2%,7,Geography,,,
cleansing.ong,available,82,3%,9,Health and Fitness,,,
impromptu.ong,available,82,16%,9,Entertainment,,,
abroach.ong,available,82,1%,7,Food and Beverage,,,
enduring.ong,available,82,9%,8,"Health and Fitness,Religion",,,
abdominal.ong,available,82,1%,9,"Health and Fitness,Medicine",,,
absorbable.ong,available,80,0%,10,"Healthcare,Pharmaceuticals,Science",,,
dorsal.ong,available,80,6%,6,"Medicine,Science",,,
trio.ong,available,80,21%,4,Entertainment,,,
capable.ong,available,80,12%,7,"Business,Education,Technology",,,
adoptable.ong,available,80,3%,9,"Education,Healthcare",,,
absolute.ong,available,80,25%,8,"Engineering,Mathematics,Science",,,
nine.ong,available,80,24%,4,"General,Mathematics",,,
superstar.ong,available,80,18%,9,Entertainment,,,
wiz.ong,available,80,30%,3,"Business,Education,Technology",,,
sequent.ong,available,80,7%,7,"Healthcare,Insurance,Transportation",,,
abundant.ong,available,80,19%,8,"Agriculture,Manufacturing,Retail",,,
seventh.ong,available,80,10%,7,Mathematics,,,
yard.ong,available,80,26%,4,"Construction,General",,,
forty.ong,available,80,9%,5,Mathematics,,,
some.ong,available,80,32%,4,"Business,Media,Retail",,,
absurd.ong,available,80,16%,6,"Arts,Entertainment,Media",,,
worshipful.ong,available,80,1%,10,"Education,Healthcare,Religion",,,
first.ong,available,80,36%,5,"General,Mathematics",,,
twenty.ong,available,80,12%,6,Mathematics,,,
two.ong,available,80,24%,3,Mathematics,,,
abkhazian.ong,available,78,1%,9,Geography,,,
athletic.ong,available,78,15%,8,"Health and Fitness,Sports",,,
absorptive.ong,available,78,1%,10,"Healthcare,Manufacturing,Retail",,,
honestly.ong,available,78,9%,8,"Business,Law",,,
accessible.ong,available,78,21%,10,"Healthcare,Retail,Technology",,,
abkhasian.ong,available,78,1%,9,Geography,,,
recognized.ong,available,78,3%,10,"Business,Education,Technology",,,
adorable.ong,available,78,8%,8,"Entertainment,Fashion,Retail",,,
acceptant.ong,available,78,1%,9,"Education,Healthcare",,,
acceptable.ong,available,78,5%,10,"Business,Hospitality,Retail",,,
abounding.ong,available,78,2%,9,Agriculture,,,
accurate.ong,available,78,16%,8,"Engineering,Mathematics,Science",,,
recognised.ong,available,78,3%,10,"Business,Education,Technology",,,
sixtynine.ong,available,78,8%,10,Mathematics,,,
adrenal.ong,available,78,4%,7,"Education,Healthcare,Science",,,
adjacent.ong,available,78,9%,8,"Construction,Real Estate,Retail",,,
low.ong,available,78,20%,3,"Business,Finance",,,
twentysix.ong,available,78,8%,10,Mathematics,,,
accepted.ong,available,78,6%,8,"Business,Education,Technology",,,
accidental.ong,available,78,11%,10,"Healthcare,Insurance,Transportation",,,
dormant.ong,available,78,4%,7,"Medicine,Science",,,
addable.ong,available,76,2%,7,"Engineering,Mathematics,Science",,,
abrasive.ong,available,76,6%,8,"Construction,Manufacturing",,,
threed.ong,available,76,7%,7,Technology,,,
acoustic.ong,available,76,14%,8,Science,,,
adherent.ong,available,76,4%,8,"Politics,Religion",,,
ague.ong,available,76,2%,4,"Geography,Medicine,Science",,,
hundredth.ong,available,76,1%,9,Mathematics,,,
fourteenth.ong,available,76,1%,10,Mathematics,,,
adaptable.ong,available,76,9%,9,"Business,Education,Technology",,,
adaptive.ong,available,76,28%,8,"Business,Education,Technology",,,
improvise.ong,available,76,4%,9,Entertainment,,,
obscene.ong,available,76,5%,7,"Entertainment,Media",,,
adhesive.ong,available,76,7%,8,"Construction,Manufacturing,Technology",,,
auxiliary.ong,available,76,7%,9,"Healthcare,Manufacturing,Technology",,,
incidental.ong,available,76,4%,10,"Healthcare,Insurance,Transportation",,,
firstrate.ong,available,76,6%,10,Business,,,
energizing.ong,available,76,3%,10,"Food and Beverage,Health and Fitness,Travel",,,
nineteenth.ong,available,76,3%,10,Mathematics,,,
ancillary.ong,available,76,6%,9,"Healthcare,Manufacturing,Technology",,,
ventral.ong,available,76,3%,7,Science,,,
thirteenth.ong,available,76,4%,10,Mathematics,,,
diamond.ong,expiring,76,32%,7,Fashion,21/08/2023 23:11,21/08/2025 23:11,Porkbun LLC
adipose.ong,available,76,2%,7,"Healthcare,Science",,,
resultant.ong,available,76,2%,9,"Healthcare,Insurance,Transportation",,,
fifteenth.ong,available,76,2%,9,Mathematics,,,
thousandth.ong,available,76,1%,10,Mathematics,,,
eighteen.ong,available,76,7%,8,Mathematics,,,
adapted.ong,available,74,6%,7,"Healthcare,Manufacturing,Technology",,,
manageable.ong,available,74,4%,10,"Business,Education,Technology",,,
accepting.ong,available,74,3%,9,"Education,Healthcare",,,
adrenergic.ong,available,74,1%,10,"Education,Healthcare,Science",,,
realizable.ong,available,74,1%,10,"Business,Education,Technology",,,
mavin.ong,available,74,7%,5,"Entertainment,Fashion,Technology",,,
single.ong,available,74,19%,6,Sports,,,
abnormal.ong,available,74,16%,8,"Medicine,Science",,,
skilful.ong,available,74,3%,7,"Education,Health and Fitness,Sports",,,
supra.ong,available,74,25%,5,"Medicine,Science",,,
sensation.ong,available,74,7%,9,"Entertainment,Media,Sports",,,
playing.ong,available,74,12%,7,Entertainment,,,
adamant.ong,available,74,14%,7,Religion,,,
achievable.ong,available,74,4%,10,"Business,Education,Technology",,,
aberrant.ong,available,74,6%,8,"Medicine,Science",,,
broad.ong,available,74,13%,5,"Entertainment,General,Media",,,
activated.ong,available,74,9%,9,"Healthcare,Manufacturing,Technology",,,
adenoid.ong,available,74,1%,7,"Health and Fitness,Medicine,Science",,,
cleared.ong,available,74,7%,7,"Healthcare,Law,Transportation",,,
admirable.ong,available,74,5%,9,"Business,Education,Healthcare",,,
acuate.ong,available,74,2%,6,"Engineering,Medicine,Science",,,
addicted.ong,available,72,9%,8,Healthcare,,,
absorbed.ong,available,72,2%,8,"Entertainment,Media,Technology",,,
trey.ong,available,72,14%,4,Sports,,,
absolutist.ong,available,72,1%,10,"Humanities,Law,Politics",,,
deep.ong,available,72,41%,4,"Engineering,Mathematics,Science",,,
adaptative.ong,available,72,1%,10,"Business,Education,Technology",,,
eightieth.ong,available,72,1%,9,Mathematics,,,
ternary.ong,available,72,7%,7,Mathematics,,,
existent.ong,available,72,3%,8,"Mathematics,Science",,,
improvize.ong,available,72,1%,9,Entertainment,,,
accustomed.ong,available,72,1%,10,"Business,Education,Humanities",,,
aching.ong,available,72,4%,6,Healthcare,,,
sixtieth.ong,available,72,1%,8,Mathematics,,,
ablaze.ong,available,72,6%,6,Entertainment,,,
liv.ong,available,72,27%,3,Mathematics,,,
champion.ong,available,72,28%,8,"Entertainment,Health and Fitness,Sports",,,
abreast.ong,available,72,2%,7,"Business,Technology",,,
adjunctive.ong,available,72,1%,10,"Healthcare,Manufacturing,Technology",,,
accusative.ong,available,72,0%,10,"Humanities,Law",,,
abloom.ong,available,72,5%,6,Agriculture,,,
adjectival.ong,available,72,1%,10,Education,,,
adiabatic.ong,available,72,3%,9,"Engineering,Science",,,
engrossed.ong,available,72,1%,9,"Entertainment,Media,Technology",,,
lovely.ong,available,72,26%,6,"Entertainment,Fashion,Retail",,,
seventieth.ong,available,72,1%,10,Mathematics,,,
adonic.ong,available,72,2%,6,"Arts,Education,Entertainment",,,
ninetieth.ong,available,72,1%,9,Mathematics,,,
trinity.ong,expiring,72,18%,7,Religion,28/08/2024 13:09,28/08/2025 13:09,"NameCheap, Inc."
accumbent.ong,available,70,1%,9,"Healthcare,Medicine,Science",,,
consequent.ong,available,70,3%,10,"Business,Education,General,Technology",,,
acuminate.ong,available,70,1%,9,"Engineering,Medicine,Science",,,
abulic.ong,available,70,1%,6,Medicine,,,
miserable.ong,available,70,4%,9,Humanities,,,
offhand.ong,available,70,2%,7,Entertainment,,,
lowdown.ong,available,70,6%,8,"Entertainment,Media",,,
skillful.ong,available,70,9%,8,"Education,Health and Fitness,Sports",,,
abradant.ong,available,70,1%,8,"Construction,Manufacturing",,,
adamantine.ong,available,70,4%,10,Religion,,,
gymnastic.ong,available,70,3%,9,"Entertainment,Sports",,,
adjusted.ong,available,70,5%,8,"Manufacturing,Retail,Technology",,,
recumbent.ong,available,70,2%,9,"Healthcare,Medicine,Science",,,
admired.ong,available,70,5%,7,"Business,Education,Healthcare",,,
adored.ong,available,70,6%,6,"Entertainment,Fashion,Retail",,,
absorbing.ong,available,70,3%,9,"Entertainment,Media,Technology",,,
unity.ong,available,70,40%,5,Mathematics,,,
practiced.ong,available,70,3%,9,"Education,Health and Fitness,Sports",,,
stillborn.ong,available,70,2%,9,"Medicine,Science",,,
tiptop.ong,available,70,24%,6,Fashion,,,
abducent.ong,available,68,0%,8,Medicine,,,
licenced.ong,available,68,2%,8,"Business,Healthcare,Insurance",,,
fiftieth.ong,available,68,0%,8,Mathematics,,,
overseas.ong,available,68,12%,8,"Hospitality,Travel",,,
activating.ong,available,68,3%,10,"Healthcare,Manufacturing,Technology",,,
threesome.ong,available,68,5%,9,Entertainment,,,
decorated.ong,available,68,3%,9,"Entertainment,Fashion,Retail",,,
disciple.ong,available,68,14%,8,"Education,Religion",,,
scurvy.ong,available,68,3%,6,Humanities,,,
achaian.ong,available,68,2%,7,Humanities,,,
vindicated.ong,available,68,2%,10,"Humanities,Law,Politics",,,
ennead.ong,available,68,5%,6,Mathematics,,,
acerate.ong,available,68,1%,7,Science,,,
octonary.ong,available,68,1%,8,Mathematics,,,
ablative.ong,available,68,3%,8,Science,,,
septenary.ong,available,68,1%,9,Mathematics,,,
abnaki.ong,available,68,1%,6,Geography,,,
stygian.ong,available,68,5%,7,Humanities,,,
licensed.ong,available,68,5%,8,"Business,Healthcare,Insurance",,,
foursome.ong,available,68,4%,8,Sports,,,
accredited.ong,available,68,9%,10,"Business,Education,Healthcare",,,
aroused.ong,available,68,3%,7,"Entertainment,Health and Fitness",,,
fortieth.ong,available,68,0%,8,Mathematics,,,
aculeate.ong,available,68,1%,8,"Engineering,Medicine,Science",,,
aberdonian.ong,available,68,1%,10,Geography,,,
abkhas.ong,available,68,0%,6,Geography,,,
sevener.ong,available,68,1%,7,Mathematics,,,
achaean.ong,available,68,2%,7,Humanities,,,
thirtieth.ong,available,68,1%,9,Mathematics,,,
xii.ong,available,66,10%,3,Mathematics,,,
eighty.ong,available,66,6%,6,Mathematics,,,
acervate.ong,available,66,1%,8,Science,,,
xxv.ong,available,66,6%,3,Mathematics,,,
according.ong,available,66,3%,9,"Business,Education,Technology",,,
xiii.ong,available,66,9%,4,Mathematics,,,
acappella.ong,available,66,6%,10,Entertainment,,,
five.ong,available,66,26%,4,Mathematics,,,
ninety.ong,available,66,11%,6,Mathematics,,,
modish.ong,available,66,5%,6,Fashion,,,
thirty.ong,available,66,8%,6,Mathematics,,,
xxvi.ong,available,66,3%,4,Mathematics,,,
sextet.ong,available,66,1%,6,Entertainment,,,
adopted.ong,available,66,4%,7,"Education,Healthcare",,,
accessary.ong,available,66,1%,9,"Business,Law,Technology",,,
performing.ong,available,66,6%,10,Entertainment,,,
abstinent.ong,available,66,1%,9,"Health and Fitness,Religion",,,
adorned.ong,available,66,5%,7,"Entertainment,Fashion,Retail",,,
exonerated.ong,available,66,2%,10,"Humanities,Law,Politics",,,
four.ong,available,66,27%,4,Mathematics,,,
latest.ong,available,66,18%,6,Technology,,,
maven.ong,available,66,30%,5,"Entertainment,Fashion,Technology",,,
xviii.ong,available,66,5%,5,Mathematics,,,
tenner.ong,available,66,5%,6,Finance,,,
xxi.ong,available,66,10%,3,Mathematics,,,
teenager.ong,available,66,4%,8,"Education,Entertainment,Healthcare",,,
onec.ong,available,66,6%,5,Mathematics,,,
deuce.ong,available,66,9%,5,Sports,,,
xvii.ong,available,66,5%,4,Mathematics,,,
xxii.ong,available,66,6%,4,Mathematics,,,
xvi.ong,available,66,5%,3,Mathematics,,,
buzzing.ong,available,66,7%,7,"Entertainment,Media,Technology",,,
acrobatic.ong,available,66,4%,9,"Entertainment,Sports",,,
fifty.ong,available,66,12%,5,Mathematics,,,
century.ong,available,66,17%,7,Education,,,
clv.ong,available,66,10%,3,Mathematics,,,
absolved.ong,available,64,1%,8,"Humanities,Law,Religion",,,
rising.ong,available,64,18%,6,"Construction,Manufacturing,Real Estate",,,
accordant.ong,available,64,3%,9,"Arts,Entertainment",,,
scatty.ong,available,64,1%,6,"Arts,Entertainment,Media",,,
deviant.ong,available,64,12%,7,"Medicine,Science",,,
adagio.ong,available,64,14%,6,Entertainment,,,
nondrinker.ong,available,64,1%,10,"Health and Fitness,Religion",,,
aflame.ong,available,64,3%,6,Entertainment,,,
acentric.ong,available,64,2%,8,Science,,,
astringent.ong,available,64,1%,10,"Healthcare,Pharmaceuticals",,,
sixteenth.ong,available,62,1%,9,Mathematics,,,
abo.ong,available,62,15%,3,Science,,,
aborigine.ong,available,62,1%,9,Humanities,,,
cumulative.ong,available,62,2%,10,"Banking,Finance,Insurance",,,
quartet.ong,available,62,7%,7,"Arts,Entertainment",,,
eleventh.ong,available,62,5%,8,Mathematics,,,
adoptive.ong,available,62,1%,8,"Education,Healthcare",,,
wrapped.ong,available,62,13%,7,"Fashion,Hospitality,Retail",,,
exculpated.ong,available,62,1%,10,"Humanities,Law,Politics",,,
adjuvant.ong,available,62,5%,8,"Healthcare,Manufacturing,Technology",,,
aufait.ong,available,62,3%,7,"Fashion,Media",,,
longdozen.ong,available,62,2%,10,Mathematics,,,
acidic.ong,available,62,5%,6,"Food and Beverage,Science",,,
troika.ong,available,62,8%,6,Politics,,,
playacting.ong,available,62,1%,10,Entertainment,,,
admissible.ong,available,62,1%,10,"Education,Healthcare,Law",,,
activation.ong,available,62,16%,10,"Healthcare,Manufacturing,Technology",,,
eighteenth.ong,available,62,1%,10,Mathematics,,,
accusing.ong,available,62,1%,8,Law,,,
chiliad.ong,available,62,2%,7,Mathematics,,,
ensuant.ong,available,62,1%,7,"Healthcare,Insurance,Transportation",,,
pungent.ong,available,62,1%,7,Food and Beverage,,,
roughly.ong,available,62,3%,7,"Business,Media,Technology",,,
nail.ong,available,62,16%,4,"Construction,Fashion,General,Retail",,,
accrued.ong,available,62,2%,7,"Banking,Finance,Insurance",,,
twodozen.ong,available,62,1%,9,Mathematics,,,
orso.ong,available,62,9%,5,"Business,Media,Technology",,,
fortyfour.ong,available,62,6%,10,Mathematics,,,
activistic.ong,available,62,1%,10,"Humanities,Politics",,,
cxv.ong,available,60,4%,3,Mathematics,,,
octet.ong,available,60,12%,5,Arts,,,
cxxv.ong,available,60,1%,4,Mathematics,,,
idolized.ong,available,60,3%,8,"Entertainment,Fashion,Retail",,,
adnate.ong,available,60,1%,6,"Agriculture,Manufacturing,Retail",,,
aboveboard.ong,available,60,5%,10,"Business,Law",,,
tertiary.ong,available,60,4%,8,Education,,,
clxv.ong,available,60,1%,4,Mathematics,,,
annexal.ong,available,60,1%,7,"Agriculture,Manufacturing,Retail",,,
paunchy.ong,available,60,0%,7,"Health and Fitness,Medicine",,,
cautionary.ong,available,60,1%,10,"Business,Education,Healthcare",,,
abstainer.ong,available,60,0%,9,"Health and Fitness,Religion",,,
acceptive.ong,available,60,1%,9,"Education,Healthcare",,,
sixty.ong,available,60,13%,5,Mathematics,,,
abashed.ong,available,60,1%,7,Humanities,,,
clxxx.ong,available,60,1%,5,Mathematics,,,
thou.ong,available,60,7%,4,Mathematics,,,
abstemious.ong,available,60,0%,10,"Food and Beverage,Health and Fitness,Hospitality",,,
eightysix.ong,available,60,7%,10,Mathematics,,,
cxxx.ong,available,60,4%,4,Mathematics,,,
clxxv.ong,available,60,1%,5,Mathematics,,,
idolised.ong,available,60,1%,8,"Entertainment,Fashion,Retail",,,
cxlv.ong,available,60,2%,4,Mathematics,,,
cxx.ong,available,60,10%,3,Mathematics,,,
clx.ong,available,60,10%,3,Mathematics,,,
adnexal.ong,available,60,1%,7,"Agriculture,Manufacturing,Retail",,,
xcl.ong,available,60,5%,3,Mathematics,,,
cxl.ong,available,60,7%,3,Mathematics,,,
cxxxv.ong,available,60,2%,5,Mathematics,,,
clxx.ong,available,60,3%,4,Mathematics,,,
tercet.ong,available,59,2%,6,"Arts,Entertainment,Media",,,
acetic.ong,available,58,1%,6,"Food and Beverage,Science",,,
addressed.ong,available,58,3%,9,"Business,Technology,Telecommunications",,,
accoutred.ong,available,58,1%,9,"Fashion,Manufacturing,Retail",,,
lxxviii.ong,available,58,1%,7,Mathematics,,,
fifth.ong,available,58,12%,5,Mathematics,,,
tetrad.ong,available,58,5%,6,Mathematics,,,
eighter.ong,available,58,2%,7,Mathematics,,,
sextuplet.ong,available,58,1%,9,Healthcare,,,
linear.ong,available,58,22%,6,"Engineering,Mathematics,Science",,,
heptad.ong,available,58,1%,6,Mathematics,,,
quintet.ong,available,58,8%,7,"Arts,Entertainment",,,
accretive.ong,available,58,6%,9,"Banking,Finance,Insurance",,,
acyclic.ong,available,58,4%,7,"Engineering,Mathematics,Science",,,
pentad.ong,available,58,2%,6,Mathematics,,,
abused.ong,available,58,5%,6,"Healthcare,Law",,,
octad.ong,available,58,5%,5,Mathematics,,,
aucourant.ong,available,58,3%,10,"Fashion,Media",,,
addible.ong,available,58,2%,7,"Engineering,Mathematics,Science",,,
cypher.ong,available,58,29%,6,Mathematics,,,
adjustive.ong,available,58,1%,9,"Manufacturing,Retail,Technology",,,
closeto.ong,available,58,3%,8,"Business,Media,Technology",,,
justabout.ong,available,58,3%,10,"Business,Media,Technology",,,
fourscore.ong,available,58,4%,9,Mathematics,,,
accented.ong,available,58,3%,8,"Arts,Entertainment",,,
actuarial.ong,available,58,8%,9,"Finance,Insurance,Mathematics",,,
centesimal.ong,available,58,1%,10,Mathematics,,,
seventy.ong,available,58,7%,7,Mathematics,,,
abandoned.ong,available,58,10%,9,"Construction,Real Estate",,,
lxxx.ong,available,58,2%,4,Mathematics,,,
sixer.ong,available,58,5%,5,Sports,,,
offhanded.ong,available,58,1%,9,Entertainment,,,
adient.ong,available,58,4%,6,"Medicine,Science",,,
fourth.ong,available,58,13%,6,Mathematics,,,
twelfth.ong,available,58,2%,7,Mathematics,,,
enwrapped.ong,available,58,0%,9,"Entertainment,Fashion,Media",,,
abridged.ong,available,58,4%,8,Media,,,
alacarte.ong,available,58,11%,10,Food and Beverage,,,
niner.ong,available,58,5%,5,Mathematics,,,
ache.ong,available,58,7%,4,Healthcare,,,
sixtyone.ong,available,58,3%,9,Mathematics,,,
adhoc.ong,available,58,24%,6,"Business,Engineering,Technology",,,
abuzz.ong,available,58,5%,5,"Entertainment,Media,Technology",,,
hexad.ong,available,58,4%,5,Mathematics,,,
thirtysix.ong,available,56,5%,10,Mathematics,,,
fortytwo.ong,available,56,17%,9,Mathematics,,,
xlvii.ong,available,56,2%,5,Mathematics,,,
lvi.ong,available,56,8%,3,Mathematics,,,
thirtyone.ong,available,56,5%,10,Mathematics,,,
aone.ong,available,56,15%,5,Food and Beverage,,,
xxxvii.ong,available,56,2%,6,Mathematics,,,
xxxiii.ong,available,56,2%,6,Mathematics,,,
xxxvi.ong,available,56,1%,5,Mathematics,,,
fiftyfive.ong,available,56,7%,10,Mathematics,,,
fortysix.ong,available,56,3%,9,Mathematics,,,
xxxii.ong,available,56,1%,5,Mathematics,,,
fortynine.ong,available,56,3%,10,Mathematics,,,
fiftyfour.ong,available,56,3%,10,Mathematics,,,
accoutered.ong,available,56,0%,10,"Fashion,Manufacturing,Retail",,,
xliv.ong,available,56,2%,4,Mathematics,,,
appressed.ong,available,56,0%,9,"Agriculture,Manufacturing,Retail",,,
lvii.ong,available,56,1%,4,Mathematics,,,
xxiii.ong,available,56,5%,5,Mathematics,,,
maledict.ong,available,56,1%,8,Religion,,,
xlv.ong,available,56,6%,3,Mathematics,,,
thirtytwo.ong,available,56,5%,10,Mathematics,,,
xxix.ong,available,56,4%,4,Mathematics,,,
fiftynine.ong,available,56,4%,10,Mathematics,,,
xxiv.ong,available,56,5%,4,Mathematics,,,
xxxi.ong,available,56,9%,4,Mathematics,,,
terzetto.ong,available,56,3%,8,Arts,,,
xxxviii.ong,available,56,1%,7,Mathematics,,,
xlvi.ong,available,56,3%,4,Mathematics,,,
addled.ong,available,56,2%,6,Entertainment,,,
admittible.ong,available,56,1%,10,"Education,Healthcare,Hospitality",,,
liii.ong,available,56,4%,4,Mathematics,,,
fiftysix.ong,available,56,4%,9,Mathematics,,,
fiftyone.ong,available,56,7%,9,Mathematics,,,
admittable.ong,available,56,1%,10,"Education,Healthcare,Hospitality",,,
lii.ong,available,56,7%,3,Mathematics,,,
halfdozen.ong,available,56,1%,10,Mathematics,,,
xxviii.ong,available,56,1%,6,Mathematics,,,
potbellied.ong,available,56,0%,10,"Health and Fitness,Medicine",,,
lviii.ong,available,56,1%,5,Mathematics,,,
triad.ong,available,56,15%,5,Arts,,,
admissive.ong,available,56,1%,9,"Education,Healthcare,Hospitality",,,
fiftytwo.ong,available,56,6%,9,Mathematics,,,
xliii.ong,available,56,1%,5,Mathematics,,,
abdominous.ong,available,56,0%,10,"Health and Fitness,Medicine",,,
fortyone.ong,available,56,4%,9,Mathematics,,,
xli.ong,available,56,5%,3,Mathematics,,,
abeyant.ong,available,56,1%,7,"Business,Law",,,
xlii.ong,available,56,5%,4,Mathematics,,,
xxxv.ong,available,56,4%,4,Mathematics,,,
ilx.ong,available,56,5%,3,Mathematics,,,
xxvii.ong,available,56,3%,5,Mathematics,,,
xxxiv.ong,available,56,1%,5,Mathematics,,,
xlviii.ong,available,56,1%,6,Mathematics,,,
deuceace.ong,available,54,2%,9,Sports,,,
monitory.ong,available,54,3%,8,"Business,Education,Healthcare",,,
adductive.ong,available,54,0%,9,"Engineering,Mathematics,Science",,,
abaxial.ong,available,54,1%,7,Science,,,
topnotch.ong,available,54,18%,8,Business,,,
achy.ong,available,54,3%,4,Healthcare,,,
deserted.ong,available,54,3%,8,"Hospitality,Real Estate",,,
accentual.ong,available,54,3%,9,"Arts,Entertainment",,,
acoustical.ong,available,54,4%,10,Science,,,
adducent.ong,available,54,1%,8,"Engineering,Mathematics,Science",,,
sise.ong,available,54,5%,4,Mathematics,,,
actuated.ong,available,54,2%,8,"Automotive,Manufacturing,Technology",,,
ternion.ong,available,54,3%,7,Mathematics,,,
unnatural.ong,available,54,4%,9,"Medicine,Science",,,
abasic.ong,available,54,1%,6,Science,,,
threescore.ong,available,54,1%,10,Mathematics,,,
abient.ong,available,54,1%,6,Science,,,
accursed.ong,available,54,3%,8,"Entertainment,Media,Religion",,,
aboral.ong,available,54,2%,6,Science,,,
abatic.ong,available,54,1%,6,Science,,,
scratchy.ong,available,54,3%,8,Fashion,,,
viii.ong,available,54,6%,4,Mathematics,,,
abhorrent.ong,available,54,1%,9,Humanities,,,
adpressed.ong,available,54,0%,9,"Agriculture,Manufacturing,Retail",,,
twoscore.ong,available,54,2%,8,Mathematics,,,
vii.ong,available,54,13%,3,Mathematics,,,
abatable.ong,available,54,1%,8,Law,,,
fin.ong,available,54,30%,3,Finance,,,
quaternion.ong,available,54,6%,10,Mathematics,,,
adducting.ong,available,54,1%,9,"Engineering,Mathematics,Science",,,
adjuratory.ong,available,54,0%,10,"Law,Politics,Religion",,,
adaxial.ong,available,54,2%,7,Science,,,
achromatic.ong,available,54,4%,10,Science,,,
quaternity.ong,available,54,4%,10,Mathematics,,,
quintuplet.ong,available,54,1%,10,"Healthcare,Medicine,Science",,,
admonitory.ong,available,54,0%,10,"Business,Education,Healthcare",,,
quatern.ong,available,54,2%,7,Mathematics,,,
abducens.ong,available,54,1%,8,Medicine,,,
quadruplet.ong,available,54,1%,10,"Healthcare,Medicine,Science",,,
fortyfive.ong,available,54,4%,10,Mathematics,,,
xxx.ong,expiring,53,30%,3,"Arts,Entertainment,Media",18/09/2024 07:18,18/09/2025 07:18,"NameCheap, Inc."
septet.ong,available,53,1%,6,General,,,
sestet.ong,available,53,1%,6,Arts,,,
odious.ong,available,52,2%,6,"Entertainment,Humanities",,,
lxxxii.ong,available,52,1%,6,Mathematics,,,
lxxxiv.ong,available,52,1%,6,Mathematics,,,
lxxxi.ong,available,52,1%,5,Mathematics,,,
lxxv.ong,available,52,1%,4,Mathematics,,,
aboulic.ong,available,52,1%,7,Medicine,,,
lxxxv.ong,available,52,1%,5,Mathematics,,,
ninetysix.ong,available,52,4%,10,Mathematics,,,
detestable.ong,available,52,1%,10,Humanities,,,
abstruse.ong,available,52,5%,8,"Humanities,Mathematics,Science",,,
adenoidal.ong,available,52,1%,9,"Health and Fitness,Medicine,Science",,,
sixtyfour.ong,available,52,3%,10,Mathematics,,,
eightyone.ong,available,52,3%,10,Mathematics,,,
uphill.ong,available,52,7%,6,"Sports,Transportation,Travel",,,
lxxvii.ong,available,52,2%,6,Mathematics,,,
xcii.ong,available,52,2%,4,Mathematics,,,
repulsive.ong,available,52,1%,9,Humanities,,,
ablated.ong,available,52,1%,7,Science,,,
lxvi.ong,available,52,3%,4,Mathematics,,,
lxxxvii.ong,available,52,1%,7,Mathematics,,,
lxxxiii.ong,available,52,1%,7,Mathematics,,,
lxiv.ong,available,52,3%,4,Mathematics,,,
lxxiv.ong,available,52,1%,5,Mathematics,,,
littlejoe.ong,available,52,2%,10,"Entertainment,Media",,,
xciv.ong,available,52,2%,4,Mathematics,,,
lxxi.ong,available,52,1%,4,Mathematics,,,
decumbent.ong,available,52,1%,9,"Healthcare,Medicine,Science",,,
tierce.ong,available,52,3%,6,General,,,
lxviii.ong,available,52,1%,6,Mathematics,,,
lxxiii.ong,available,52,1%,6,Mathematics,,,
eightytwo.ong,available,52,4%,10,Mathematics,,,
xcv.ong,available,52,7%,3,Mathematics,,,
lxv.ong,available,52,5%,3,Mathematics,,,
sixtysix.ong,available,52,4%,9,Mathematics,,,
lxvii.ong,available,52,1%,5,Mathematics,,,
lxxvi.ong,available,52,1%,5,Mathematics,,,
xci.ong,available,52,4%,3,Mathematics,,,
ixl.ong,available,52,9%,3,Mathematics,,,
ninetyone.ong,available,52,5%,10,Mathematics,,,
sixtyfive.ong,available,52,3%,10,Mathematics,,,
abysmal.ong,available,52,4%,7,"Arts,Entertainment,Media",,,
xcvi.ong,available,52,2%,4,Mathematics,,,
lxi.ong,available,52,5%,3,Mathematics,,,
sixtytwo.ong,available,52,3%,9,Mathematics,,,
lxxxvi.ong,available,52,1%,6,Mathematics,,,
repugnant.ong,available,52,1%,9,Humanities,,,
abominable.ong,available,52,2%,10,"Entertainment,Humanities",,,
lxii.ong,available,52,1%,4,Mathematics,,,
ixc.ong,available,52,5%,3,Mathematics,,,
xcvii.ong,available,52,1%,5,Mathematics,,,
abusive.ong,available,52,3%,7,"Healthcare,Law",,,
xciii.ong,available,52,1%,5,Mathematics,,,
ninetytwo.ong,available,52,4%,10,Mathematics,,,
lxxii.ong,available,52,1%,5,Mathematics,,,
chagrined.ong,available,52,1%,9,Humanities,,,
lxiii.ong,available,52,2%,5,Mathematics,,,
xcviii.ong,available,52,1%,6,Mathematics,,,
abactinal.ong,available,50,0%,9,Science,,,
quint.ong,available,50,13%,5,"Arts,Entertainment",,,
abdicable.ong,available,50,0%,9,Law,,,
trine.ong,available,50,11%,5,"General,Religion",,,
abducting.ong,available,50,0%,9,Medicine,,,
acerb.ong,available,50,2%,5,Science,,,
acerbic.ong,available,50,2%,7,"Arts,Humanities,Media",,,
acaudal.ong,available,50,1%,7,"Agriculture,Science",,,
needlelike.ong,available,50,0%,10,"Engineering,Medicine,Science",,,
abranchial.ong,available,50,0%,10,Science,,,
acellular.ong,available,50,1%,9,Science,,,
abomasal.ong,available,50,0%,8,Agriculture,,,
acetose.ong,available,50,1%,7,Science,,,
spinous.ong,available,50,1%,7,"Agriculture,Science",,,
vinegary.ong,available,50,1%,8,Food and Beverage,,,
scummy.ong,available,50,1%,6,Humanities,,,
acetous.ong,available,50,1%,7,Science,,,
adhominem.ong,available,50,2%,10,"Humanities,Law,Politics",,,
acerose.ong,available,50,1%,7,Science,,,
cinque.ong,available,50,7%,6,Mathematics,,,
adactylous.ong,available,50,0%,10,Science,,,
ogdoad.ong,available,50,1%,6,Mathematics,,,
acquitted.ong,available,50,1%,9,Law,,,
aborticide.ong,available,50,0%,10,Medicine,,,
acapnic.ong,available,50,0%,7,"Healthcare,Medicine,Science",,,
broached.ong,available,50,0%,8,Food and Beverage,,,
gillless.ong,available,50,0%,9,Science,,,
abbatial.ong,available,50,0%,8,Religion,,,
aculeated.ong,available,50,0%,9,"Engineering,Medicine,Science",,,
acapnotic.ong,available,50,0%,9,"Healthcare,Medicine,Science",,,
lxx.ong,available,50,5%,3,Mathematics,,,
triplet.ong,available,50,8%,7,Science,,,
notguilty.ong,available,48,5%,10,Law,,,
ilxxx.ong,available,48,1%,5,Mathematics,,,
execrable.ong,available,48,0%,9,"Entertainment,Humanities",,,
apriori.ong,available,48,13%,8,Mathematics,,,
abyssal.ong,available,48,12%,7,"Arts,Entertainment,Media",,,
abstracted.ong,available,48,5%,10,"Arts,Humanities,Science",,,
lxxxviii.ong,available,48,1%,8,Mathematics,,,
ilxx.ong,available,48,1%,4,Mathematics,,,
acapnial.ong,available,46,0%,8,"Healthcare,Medicine,Science",,,
acheronian.ong,available,46,1%,10,Humanities,,,
cotyloid.ong,available,46,1%,8,Science,,,
acanthous.ong,available,46,0%,9,"Agriculture,Science",,,
achromic.ong,available,46,2%,8,Science,,,
acetonic.ong,available,46,1%,8,Science,,,
acanthotic.ong,available,46,0%,10,"Agriculture,Science",,,
acaudate.ong,available,46,1%,8,"Agriculture,Science",,,
acarpous.ong,available,46,0%,8,"Agriculture,Science",,,
acephalous.ong,available,46,1%,10,Science,,,
stripling.ong,available,46,2%,9,"Education,Entertainment,Healthcare",,,
acanthoid.ong,available,46,1%,9,"Agriculture,Science",,,
vinegarish.ong,available,46,1%,10,Food and Beverage,,,
stemless.ong,available,46,2%,8,"Agriculture,Science",,,
acetylenic.ong,available,46,1%,10,Science,,,
acicular.ong,available,46,2%,8,Science,,,
acetylic.ong,available,46,1%,8,Science,,,
achromous.ong,available,46,1%,9,Science,,,
quaternary.ong,available,46,3%,10,Mathematics,,,
acetabular.ong,available,46,1%,10,Science,,,
achenial.ong,available,46,1%,8,Science,,,
acarpelous.ong,available,46,0%,10,"Agriculture,Science",,,
theabsurd.ong,available,46,1%,10,"Arts,Entertainment,Media",,,
cotyloidal.ong,available,44,1%,10,Science,,,
accusatory.ong,available,44,1%,10,Law,,,
acherontic.ong,available,44,1%,10,Humanities,,,
abscessed.ong,available,41,0%,9,Healthcare,,,
phoebe.ong,available,41,14%,6,Science,,,
accurst.ong,available,40,1%,7,Religion,,,
accusive.ong,available,40,1%,8,Law,,,
scurrilous.ong,available,40,1%,10,"Entertainment,Media,Politics",,,